BMI组,BMI下限,BMI上限,样本量,策略类型_个体决策统计_最常见,组平均成功率,组平均重测率,组平均期望成本,策略类型_个体决策_多数,组平均成功率_MC_mean,组平均成功率_MC_2.5%,组平均成功率_MC_97.5%,组平均期望成本_MC_mean,组平均期望成本_MC_2.5%,组平均期望成本_MC_97.5%,代表策略
Group1,20.703125,29.955556457169376,217,,0.9994350024478093,0.026399949693838565,1.0678498021502902,two_stage,0.9999999982647718,0.9999999979364927,0.9999999985243487,1.0000790732012406,1.0000740660920375,1.00008440372601,"('two_stage', np.float64(24.0), 1.0)"
Group2,29.955556457169376,31.16413810529496,215,,0.9992391365131116,0.03069513598415965,1.084085878320654,two_stage,1.0,1.0,1.0,1.0000000051087565,1.000000004616262,1.000000005647062,"('two_stage', np.float64(24.0), 1.0)"
Group3,31.16413810529496,32.65306197413161,217,,0.9990203366766881,0.03473711167365942,1.1010888336760862,two_stage,1.0,1.0,1.0,1.0000000097544453,1.0000000087409435,1.0000000108375746,"('two_stage', np.float64(24.0), 1.0)"
Group4,32.65306197413161,34.4496067010799,215,,0.9986764198686373,0.04026013958317203,1.1265692159428975,two_stage,0.9999999989249827,0.9999999987202626,0.9999999990945991,1.0000632374212002,1.0000591730512498,1.0000679000756834,"('two_stage', np.float64(24.0), 1.0)"
Group5,34.4496067010799,46.875,215,,0.9975471953388547,0.05342211948605008,1.2027734122863392,two_stage,0.9999999972588708,0.9999999949900599,0.9999999984025112,1.000058099192659,1.0000525289496343,1.0000647718820455,"('two_stage', np.float64(24.0), 1.0)"
