BMI组,BMI下限,BMI上限,GAmin均值,GAmin_CI下限均值,GAmin_CI上限均值,样本量
Group1,20.703125,29.955556762611845,16.278258433332077,16.278258433332077,16.278258433332077,217
Group2,29.955556762611845,31.164137916444915,14.658664981258948,14.658664981258948,14.658664981258948,215
Group3,31.164137916444915,32.65306223087669,15.842021343736734,15.842021343736734,15.842021343736734,217
Group4,32.65306223087669,34.44960645291812,15.733696214401341,15.733696214401341,15.733696214401341,215
Group5,34.44960645291812,46.875,17.447513863372446,17.447513863372446,17.447513863372446,215
